model,language_pair,bleu_score,inference_time,memory_usage,tokens_per_second
复现模型,en-de,27.8778302258779,0.45648516553521273,2.1,219.0651691446611
复现模型,en-fr,30.744064352526387,0.43897090295258473,2.1,227.8055318185895
复现模型,de-fr,26.298329610867157,0.4563169625942709,2.1,219.14591873042835
蒸馏模型,en-de,26.06228076993912,0.12358047224911703,0.6,809.1893337194663
蒸馏模型,en-fr,28.466018017464645,0.10472541081697861,0.6,954.8780875614143
蒸馏模型,de-fr,24.28091514616989,0.1142681916517372,0.6,875.1341782390035
